{"cameraMode":{"drawMode":0,"name":"Shaded","section":"Shading Mode"},"sceneLighting":true,"audioPlay":false,"sceneViewState":{"m_AlwaysRefresh":false,"showFog":true,"showSkybox":true,"showFlares":true,"showImageEffects":true,"showParticleSystems":true,"showVisualEffectGraphs":true,"m_FxEnabled":true},"in2DMode":false,"pivot":{"x":-2.948784589767456,"y":53.68949890136719,"z":-149.84947204589845},"rotation":{"x":0.4673193693161011,"y":0.01896345615386963,"z":-0.009229497984051705,"w":0.8838454484939575},"size":1.2247449159622193,"orthographic":false}